Clasificación,Texto del enlace
1.00,cusco
2.00,www cuscoperu com
3.00,cusco peru
4.00,read more
5.00,cuscoperu com
6.00,http www cuscoperu com
7.00,machu picchu
8.00,https www cuscoperu com
9.00,www cuscoperu com es cusco clasico san blas html
10.00,corpus cristi
11.00,boleto turístico cusco
12.00,cusco travel peru travel information
13.00,bus for 21 hours
14.00,pisac
15.00,cuzco
16.00,qoricancha
17.00,cucsoperu com
18.00,visit site
19.00,source
20.00,turismo en cusco perú
21.00,camino inca
22.00,sacsayhuaman
23.00,convento de santo domingo
24.00,the pisac ruins
25.00,passaporte para o valle sagrado
26.00,boleto turístico
27.00,informações a respeito de cusco hospedagem etc
28.00,información aquí
29.00,las ruinas de pisac
30.00,archaeological centers
31.00,qorikancha
32.00,museums
33.00,http www cuscoperu com en
34.00,boleto turistico del cusco
35.00,santo domingo
36.00,main bus station terminal terrestre de cusco
37.00,here
38.00,cuzco travel
39.00,cusco's iglesia de san francisco
40.00,hatunrumiyoc a 12 sided stone
41.00,boleto turistico
42.00,cuscoperu com cusco information peru 01 info
43.00,coricancha
44.00,peru travel
45.00,https www cuscoperu com en use tic ticket
46.00,2 different stories
47.00,leer más
48.00,cusco hotels
49.00,https boleto turistico del cusco
50.00,tours
51.00,occupied
52.00,https santuranticuy cusco
53.00,cuscoperu com en cusco touristic ticket
54.00,entre cusco et le machu picchu
55.00,citadel
56.00,map and information
57.00,tambomachay
58.00,the museum of archaeology
59.00,página principal
60.00,destinos turísticos cusco
61.00,aquí
62.00,natural attractions
63.00,tourist information
64.00,(vacío)
65.00,boleto turístico del cusco
66.00,cusco peru travel information about cuzco machu picchu tours cusco hotels
67.00,spanish in cusco school travel information about cusco cusco peru
68.00,https www cuscoperu com es viajes cusco museos museo de sitio qorikancha
69.00,san blas
70.00,https inti raymi
71.00,museu inka
72.00,website
73.00,ollantaytambo
74.00,virgen de la merced
75.00,arequipa
76.00,https tambomachay
77.00,cusco hotel
78.00,la catedral de ica
79.00,chinchero
80.00,museu e convento de são francisco
81.00,the citadel
82.00,boleto electrónico
83.00,santuranticuy
84.00,view website
85.00,megantoni national sanctuary
86.00,extreme sports
87.00,https www cuscoperu com es festividades y eventos mayo junio inti raymi
88.00,site oficial tem informações pontuais
89.00,"https www cuscoperu com es viajes valle sagrado de los incas pueblos 
tradicionales pueblo de chinchero"
90.00,spanish in cusco school travel information about cusco cusco peru peru
91.00,monasterio de são domingo
92.00,ici
93.00,"https www cuscoperu com en travel sacred valley of the incas archaeological 
centers moray"
94.00,lago titicaca
95.00,"main page screenshot of cuscoperu com 
698c0bd92cc30bb141ad9953cf694beab305ed42 jpg uri cuscoperu"
96.00,cuzcoperu com
97.00,jungle tours
98.00,qorikancha o templo do sol
99.00,contact us
100.00,http www cuscoperu com es tours machu picchu cusco clasico y machupicchu
101.00,cotahuasi valley
102.00,turistic ticket
103.00,pre columbian art museum
104.00,peru hotel travel information about cusco cusco peru
105.00,catedral mayor del cusco
106.00,pisaq
107.00,peru travels travel information about cusco cusco peru
108.00,municipal museum of the city of arequipa
109.00,https www cuscoperu com es viajes cusco centros arqueologicos qorikancha
110.00,arequipa cusco machu picchu 7d 6n
111.00,cusco touristic ticket
112.00,https www cuscoperu com es viajes machupicchu huayna picchu
113.00,http cuscoperu com
114.00,the festival of the sun inti raymi festival cusco peru
115.00,"https www cuscoperu com en travel sacred valley of the incas traditional 
towns maras"
116.00,iglesia de santo domingo lima
117.00,hotel crismar
118.00,museu de arte pre colombiana
119.00,cusco machu picchu puno 6d 5n
120.00,http www cuscoperu com es html
121.00,http www cuscoperu com elmuki
122.00,btc
123.00,http www cuscoperu com en travel inca trail
124.00,central city
125.00,aguas calientes
126.00,the sacred valley of the incas
127.00,http www cuscoperu com es
128.00,http www cuscoperu com en tours page 1
129.00,best tours
130.00,aqui
131.00,lima
132.00,about us cuscoperu cuscoperu com
133.00,contemporary art museum
134.00,museo histórico regional
135.00,save ollanta
136.00,museu de arte pré colombiana
137.00,valle sagrado de los incas
138.00,https www cuscoperu com pt
139.00,inti raymi
140.00,español
141.00,peru tours
142.00,tours a machu picchu y cusco paquetes a peru cuscoperu
143.00,infos zum boleto turistico mit preisen englisch
144.00,about us
145.00,machu picchu and cusco tours peru vacations cuscoperu
146.00,pueblo
147.00,cusco maras moray salineras
148.00,"cusco peru travel information about cuzco machu picchu hotels tours inca 
trail"
149.00,https www cuscoperu com es novedades y eventos santuranticuy
150.00,português
151.00,www cuscoperu com es viajes cusco museos arte precolombino
152.00,las ruinas de machu picchu
153.00,offizielle seite über cusco auf englisch
154.00,tour cooking cusco
155.00,macchu picchu pueblo
156.00,https www cuscoperu com en travel cusco archaeological centers qorikancha
157.00,"site museum julio c tello paracas cuscoperu com https www cuscoperu com 
museums"
158.00,q enqo
159.00,virgen del carmen paucartambo cuscoperu com
160.00,igreja da companhia de jesus
161.00,puno
162.00,machupicchu
163.00,salkantay trek 4d 3n
164.00,tours machu picchu huayna picchu
165.00,site oficial da catedral
166.00,casa cabrera
167.00,church of san cristobal
168.00,walking tour cusco
169.00,basílica catedral de cusco
170.00,events & news
171.00,oricancha
172.00,english
173.00,cusco portal
174.00,sacred valley machu picchu and huayna picchu 2d 1n
175.00,sky lodge cusco sacrad valley machu picchu 6d 5n
176.00,documentation & legality
177.00,rafting tours
178.00,moray
179.00,peru top experiences
180.00,inca trail 4d 3n
181.00,machu picchu museum
182.00,walking tours cusco
183.00,"https www cuscoperu com en useful information touristic tickets cusco 
touristic ticket"
184.00,cusco maravilla del mundo
185.00,temples
186.00,yawar fiesta
187.00,קוסקו פרו cuscoperu
188.00,sacred valley of the incas
189.00,ticket to machu picchu
190.00,cusco south valley puno
191.00,señor de los temblores
192.00,inca trail
193.00,туристичке информације
194.00,cusco extreme adventure 6d 5n
195.00,festivities & events
196.00,inti raymi cusco & machu picchu 5d 4n
197.00,flights to cusco
198.00,site map
199.00,señor de los milagros
200.00,buses to cusco